Parameter,Wave,Buffer,Visualisation
0.000463,0.119350,39.304817,0.344291
0.001093,0.120720,40.188321,0.512973
0.001500,0.121628,48.754069,0.361179
0.001056,0.147849,48.411038,0.168127
0.000148,0.119794,29.844547,0.226626
0.000185,0.304255,39.371501,0.376845
0.000148,4.490741,44.580712,0.138646
0.000278,1.040242,39.088358,0.324420
0.000185,0.120165,37.998580,0.223700
0.000351,0.119776,37.696140,0.299606
0.000556,0.121813,49.363818,0.182979
0.000315,0.120331,39.619423,0.254348
0.000185,0.126424,37.398756,0.163478
0.000204,0.569157,39.383594,0.134220
0.000203,0.119776,48.465075,0.211590
0.000277,0.119683,38.690550,0.241589
0.000167,0.119683,39.370391,0.268570
0.000167,0.121109,49.844126,0.155275
0.000241,0.119609,50.225342,0.146350
0.000315,0.119276,28.625641,0.453993
0.000722,0.126831,39.773161,0.201127
0.000315,0.131258,48.650683,1.407922
0.000407,0.124072,37.780287,0.190756
0.000370,0.186922,38.861973,0.156479
0.000240,0.119683,40.484650,0.132517
0.000185,0.122332,47.840215,0.274829
0.000186,0.174923,39.589221,1.389959
0.000426,0.121961,37.714177,0.185849
0.000240,0.119795,39.450649,0.230941
0.000222,0.120572,50.038067,0.286273
0.000185,0.120406,37.490199,0.232274
0.000982,0.121036,42.170066,3.014691
0.000407,0.121869,44.413067,0.153349
0.000297,0.120128,48.603647,0.165960
0.000148,0.119665,29.922749,0.611490
0.000167,0.120350,39.502018,0.154312
0.000296,0.119109,51.605098,0.121942
0.000278,0.119387,36.924728,0.175090
0.000148,0.119832,39.454297,0.249107
0.000871,0.120665,39.418908,0.278310
0.000426,0.120072,49.769776,0.265662
0.000481,0.120628,39.352595,0.351032
0.000908,0.120998,38.764235,0.188220
0.000148,0.120016,39.574906,0.152590
0.000148,0.119665,49.747351,0.138665
0.000278,0.122257,40.261339,0.166886
0.000334,0.119979,39.256171,0.233274
0.000407,0.120739,49.281710,0.186071
0.000185,0.120442,48.907605,0.165015
0.000204,0.119980,29.552700,1.995967
0.000833,0.120479,36.763231,0.189571
0.000186,0.121664,50.460061,0.253570
0.000593,0.121313,36.609344,0.115665
0.000185,0.119923,39.495481,0.136850
0.000149,0.118980,39.328151,0.125832
0.000148,0.119720,47.792827,0.449455
0.000926,0.120516,34.391769,0.434159
0.000222,0.120443,36.118630,0.150238
0.000537,0.119590,38.650532,0.204293
0.000186,0.120590,48.653851,0.504270
0.000185,0.120480,35.736988,0.161701
0.000314,0.120090,34.536008,0.138609
0.000204,0.120017,37.653049,0.185256
0.000351,0.119646,49.788462,0.203441
0.002241,0.121369,31.933847,0.193182
0.000703,0.120628,38.431963,0.995039
0.003130,0.131350,48.205229,0.226922
0.000352,0.119498,37.999803,0.124313
0.000463,0.120239,34.444973,0.197107
0.000352,0.127813,39.605851,0.281810
0.000203,0.120276,45.407570,0.217256
0.000241,0.121627,40.574798,0.479974
0.000852,0.121128,37.870824,0.136164
0.000352,0.120054,37.432609,2.166224
0.000222,0.120072,47.464962,0.156608
0.000148,0.125128,37.615865,0.251736
0.000148,0.119739,39.708164,0.248125
0.000611,0.120554,46.978174,1.837729
0.000981,0.121868,47.254706,0.142794
0.000685,0.120702,29.617255,0.253625
0.000352,0.119831,39.004453,0.135368
0.000149,0.119721,49.887535,0.270181
0.001129,0.122387,39.331114,0.118646
0.000149,0.119350,39.692127,0.171701
0.000352,0.119887,38.882289,0.328051
0.000926,0.450215,48.623574,0.294514
0.005018,0.121739,37.048208,3.309761
0.000333,0.148146,35.352421,0.131961
0.000334,0.119795,39.652832,0.172497
0.000148,0.119868,59.748522,0.321717
0.000407,0.121295,28.378164,0.139461
0.000204,0.119794,39.607685,0.478030
0.000222,0.121738,48.635555,0.141886
0.000333,0.119702,50.047532,0.161368
0.000389,0.119943,28.670567,0.117054
0.000352,0.120461,39.136470,0.209478
0.000222,0.120184,48.586074,0.153571
0.000333,0.119591,39.263228,0.297273
0.000148,0.120943,41.970220,0.177867
0.000204,0.142905,36.019410,0.229089
0.000426,0.120387,48.232321,0.179293
0.000185,0.119831,39.764534,0.141757
0.000260,0.119628,39.334115,0.142387
0.000185,0.119405,39.640166,0.159831
0.000185,0.126146,50.638929,0.149164
0.000296,0.119424,38.421390,0.168071
0.000371,0.119627,40.269526,0.239533
0.000203,0.198811,48.774313,0.170701
0.000149,0.125590,50.137772,0.229163
0.000315,0.119572,30.195173,0.283477
0.000259,0.120184,35.785174,0.215700
0.000203,0.122424,46.954880,0.259773
0.000371,1.996690,36.821416,0.176868
0.000148,0.119702,39.253710,0.141331
0.000149,0.119257,40.704797,0.269459
0.000223,0.120072,48.795554,1.109944
0.000148,0.551028,37.963027,1.088038
0.000203,0.119628,38.076784,0.140350
0.000222,0.126109,45.374961,0.158571
0.000592,0.119813,46.368482,0.143164
0.000185,0.120238,35.940930,0.178794
0.000352,0.120017,42.061163,0.488510
0.000981,0.122554,46.983064,0.129850
0.000185,0.120758,48.840163,0.156312
0.000148,0.119757,29.925195,0.156627
0.000167,0.119554,38.920289,0.177608
0.000388,0.120628,49.872628,0.251570
0.000833,0.121906,39.229136,0.252032
0.000334,0.120850,39.161822,0.376031
0.000333,0.119961,38.908715,0.144720
0.000222,0.119665,49.996830,0.436623
0.000777,0.120405,39.741498,0.308828
0.000834,0.120665,38.675238,0.184516
0.000333,0.178757,40.072622,0.475344
0.000444,0.122627,48.311987,0.330254
0.000519,0.121294,38.583091,0.270606
0.000704,0.120202,39.053028,0.159349
0.000204,0.120147,40.170602,0.148572
0.000296,0.120554,48.969662,0.167626
0.000149,0.119849,39.571482,1.342404
0.000463,0.121979,38.075674,0.281699
0.000593,0.119498,49.427599,0.201552
0.000259,0.119369,40.418043,0.156886
0.000148,0.119776,38.298763,0.186126
0.000148,0.120775,39.975938,0.340754
0.000185,0.120553,39.567705,0.165720
0.000222,0.119479,39.788331,0.145960
0.000148,0.119517,39.293376,0.155979
0.000315,0.120313,39.823664,0.147072
0.000334,0.119610,52.297107,0.162108
0.000167,0.119961,36.567976,0.173368
0.000314,0.125702,39.545186,0.176071
0.000537,0.119387,49.850092,0.606712
0.000574,0.121072,48.713093,0.159664
0.000333,0.119942,29.903030,0.352402
0.000277,0.120036,43.979911,0.286680
0.000314,0.119961,44.396163,0.149405
0.000296,0.126110,39.657519,0.133776
0.000204,0.120164,39.336413,0.258941
0.000296,0.119906,39.434023,0.147164
0.000297,0.120072,49.581986,0.388753
0.000833,0.120961,39.085101,0.170775
0.000537,0.119943,38.506482,0.155812
0.000333,0.119812,39.214452,0.182941
0.000186,0.121164,49.069290,0.156164
0.000500,0.121202,39.023399,0.236293
0.000666,0.122276,38.949900,0.298107
0.000204,0.128405,48.871886,0.158312
0.000463,0.120443,49.108939,0.372975
0.000667,0.119591,27.590623,0.307921
0.000241,0.120332,39.703943,0.144702
0.000296,0.358106,47.512723,0.168757
0.000241,0.119998,39.133823,0.142886
0.000352,0.213830,38.462168,0.163961
0.000204,0.119850,41.103346,0.247459
0.000185,0.119943,45.419943,0.147312
0.000185,0.119794,39.693148,0.210200
0.000444,0.188868,39.120435,0.269828
0.000537,0.120220,39.220082,0.150423
0.000222,0.119739,49.948684,0.492992
0.001963,0.127554,39.093658,0.156109
0.000278,0.119646,39.578112,0.127887
0.000333,0.120035,47.693239,0.144701
0.000389,0.119573,50.775411,0.314995
0.000259,0.125905,32.375324,0.210238
0.000834,0.120720,34.794858,0.205126
0.000334,0.125053,48.273693,0.129887
0.000185,0.123147,37.873696,0.141220
0.000204,0.120406,38.492056,0.296625
0.000667,0.121332,38.989641,0.171867
0.000463,0.119517,49.946777,0.482140
0.000129,0.120905,38.507149,0.288384
0.002203,0.121312,38.094489,0.198034
0.000463,0.119683,40.564467,0.154016
0.000315,0.126017,48.621762,0.213478
0.000185,0.120887,39.329024,0.278773
0.000148,0.120757,42.398307,0.177145
0.000296,0.119757,46.687794,0.197349
0.000148,0.119887,49.353157,0.156794
0.000314,0.119332,29.764940,0.158257
0.000445,0.119313,39.656594,1.127445